[
    {
        "french": "ABIGAYIL",
        "hebrew": "אביגיל",
        "meaning": "father rejoices."
    },
    {
        "french": "ALIYA",
        "hebrew": "עליה",
        "meaning": "to ascend, to go up."
    },
    {
        "french": "ALITZA",
        "hebrew": "עליצה",
        "meaning": "joy."
    },
    {
        "french": "ALMA",
        "hebrew": "עלמה",
        "meaning": "maiden."
    },
    {
        "french": "AMALYA",
        "hebrew": "עמליה",
        "meaning": "industrious"
    },
    {
        "french": "AMINA",
        "hebrew": "אמינה",
        "meaning": "faithful, trusted."
    },
    {
        "french": "AMINTA",
        "hebrew": "אמינתה",
        "meaning": "truth, friendship."
    },
    {
        "french": "AMIRA",
        "hebrew": "אמירה",
        "meaning": "speech, utterance."
    },
    {
        "french": "AMITA",
        "hebrew": "אמתה",
        "meaning": "honest, upright."
    },
    {
        "french": "ASHERAH",
        "hebrew": "אשרה",
        "meaning": "groves (for idol worship)"
    },
    {
        "french": "ASHTORETH",
        "hebrew": "עשתרת",
        "meaning": "star."
    },
    {
        "french": "ATARAH",
        "hebrew": "עטרה",
        "meaning": "crown"
    }
]