[
    {
        "french": "Aaron",
        "hebrew": ""
    },
    {
        "french": "Abdiel",
        "hebrew": ""
    },
    {
        "french": "Abel",
        "hebrew": ""
    },
    {
        "french": "Abraham",
        "hebrew": ""
    },
    {
        "french": "Abram",
        "hebrew": ""
    },
    {
        "french": "Adam",
        "hebrew": ""
    },
    {
        "french": "Adriel",
        "hebrew": ""
    },
    {
        "french": "Aharon",
        "hebrew": "Aaron"
    },
    {
        "french": "Amari",
        "hebrew": ""
    },
    {
        "french": "Amir",
        "hebrew": ""
    },
    {
        "french": "Amit",
        "hebrew": ""
    },
    {
        "french": "Amitai",
        "hebrew": ""
    },
    {
        "french": "Amos",
        "hebrew": ""
    },
    {
        "french": "Ari",
        "hebrew": ""
    },
    {
        "french": "Ariel",
        "hebrew": ""
    },
    {
        "french": "Arik",
        "hebrew": ""
    },
    {
        "french": "Aron",
        "hebrew": ""
    },
    {
        "french": "Asa",
        "hebrew": ""
    },
    {
        "french": "Asaf",
        "hebrew": ""
    },
    {
        "french": "Asher",
        "hebrew": ""
    },
    {
        "french": "Aviel",
        "hebrew": ""
    },
    {
        "french": "Avishai",
        "hebrew": ""
    },
    {
        "french": "Aviv",
        "hebrew": ""
    },
    {
        "french": "Azariah",
        "hebrew": ""
    },
    {
        "french": "Aziel",
        "hebrew": ""
    },
    {
        "french": "Azraël",
        "hebrew": ""
    },
    {
        "french": "Beeri",
        "hebrew": ""
    },
    {
        "french": "Ben",
        "hebrew": ""
    },
    {
        "french": "Benjamin",
        "hebrew": ""
    },
    {
        "french": "Caïn",
        "hebrew": ""
    },
    {
        "french": "Caleb",
        "hebrew": ""
    },
    {
        "french": "Castiel",
        "hebrew": ""
    },
    {
        "french": "Chaim",
        "hebrew": ""
    },
    {
        "french": "Cohen",
        "hebrew": ""
    },
    {
        "french": "Dan",
        "hebrew": ""
    },
    {
        "french": "Daniel",
        "hebrew": ""
    },
    {
        "french": "Danny",
        "hebrew": ""
    },
    {
        "french": "David",
        "hebrew": ""
    },
    {
        "french": "Davis",
        "hebrew": ""
    },
    {
        "french": "Dor",
        "hebrew": ""
    },
    {
        "french": "Dvir",
        "hebrew": ""
    },
    {
        "french": "Eden",
        "hebrew": ""
    },
    {
        "french": "Eitan",
        "hebrew": "Ethan"
    },
    {
        "french": "Elad",
        "hebrew": ""
    },
    {
        "french": "Elazar",
        "hebrew": ""
    },
    {
        "french": "Elchanan",
        "hebrew": ""
    },
    {
        "french": "Eli",
        "hebrew": ""
    },
    {
        "french": "Elias",
        "hebrew": ""
    },
    {
        "french": "Eliav",
        "hebrew": ""
    },
    {
        "french": "Elie",
        "hebrew": ""
    },
    {
        "french": "Élie",
        "hebrew": ""
    },
    {
        "french": "Elio",
        "hebrew": ""
    },
    {
        "french": "Elisha",
        "hebrew": ""
    },
    {
        "french": "Eliya",
        "hebrew": ""
    },
    {
        "french": "Eliyahu",
        "hebrew": ""
    },
    {
        "french": "Elon",
        "hebrew": ""
    },
    {
        "french": "Elyo",
        "hebrew": ""
    },
    {
        "french": "Emmanuel",
        "hebrew": ""
    },
    {
        "french": "Emmett",
        "hebrew": ""
    },
    {
        "french": "Enoch",
        "hebrew": ""
    },
    {
        "french": "Ephraïm",
        "hebrew": ""
    },
    {
        "french": "Ethan",
        "hebrew": ""
    },
    {
        "french": "Eviatar",
        "hebrew": ""
    },
    {
        "french": "Eyal",
        "hebrew": ""
    },
    {
        "french": "Ezéchiel",
        "hebrew": ""
    },
    {
        "french": "Ezra",
        "hebrew": ""
    },
    {
        "french": "Gabriel",
        "hebrew": ""
    },
    {
        "french": "Gideon",
        "hebrew": ""
    },
    {
        "french": "Guy",
        "hebrew": ""
    },
    {
        "french": "Harel",
        "hebrew": ""
    },
    {
        "french": "Ézéchias",
        "hebrew": ""
    },
    {
        "french": "Idan",
        "hebrew": ""
    },
    {
        "french": "Ido",
        "hebrew": ""
    },
    {
        "french": "Ilan",
        "hebrew": ""
    },
    {
        "french": "Ilay",
        "hebrew": ""
    },
    {
        "french": "Immanuel",
        "hebrew": ""
    },
    {
        "french": "Ira",
        "hebrew": ""
    },
    {
        "french": "Isaac",
        "hebrew": ""
    },
    {
        "french": "Isaïe",
        "hebrew": ""
    },
    {
        "french": "Isaias",
        "hebrew": ""
    },
    {
        "french": "Israël",
        "hebrew": ""
    },
    {
        "french": "Issac",
        "hebrew": ""
    },
    {
        "french": "Itai",
        "hebrew": ""
    },
    {
        "french": "Itamar",
        "hebrew": ""
    },
    {
        "french": "Izaiah",
        "hebrew": ""
    },
    {
        "french": "Jacob",
        "hebrew": ""
    },
    {
        "french": "Jacoby",
        "hebrew": ""
    },
    {
        "french": "Jair",
        "hebrew": ""
    },
    {
        "french": "Jedidiah",
        "hebrew": ""
    },
    {
        "french": "Jérémie",
        "hebrew": ""
    },
    {
        "french": "Joe",
        "hebrew": ""
    },
    {
        "french": "Joel",
        "hebrew": ""
    },
    {
        "french": "Jean",
        "hebrew": ""
    },
    {
        "french": "Jon",
        "hebrew": ""
    },
    {
        "french": "Jonas",
        "hebrew": ""
    },
    {
        "french": "Jonas",
        "hebrew": ""
    },
    {
        "french": "Jonathan",
        "hebrew": ""
    },
    {
        "french": "Jordanie",
        "hebrew": ""
    },
    {
        "french": "Joseph",
        "hebrew": ""
    },
    {
        "french": "Joshua",
        "hebrew": ""
    },
    {
        "french": "Josiah",
        "hebrew": ""
    },
    {
        "french": "Juda",
        "hebrew": ""
    },
    {
        "french": "Kaleb",
        "hebrew": ""
    },
    {
        "french": "Lavi",
        "hebrew": ""
    },
    {
        "french": "Leroi",
        "hebrew": ""
    },
    {
        "french": "Levi",
        "hebrew": ""
    },
    {
        "french": "Liam",
        "hebrew": ""
    },
    {
        "french": "Lior",
        "hebrew": ""
    },
    {
        "french": "Malachi",
        "hebrew": ""
    },
    {
        "french": "Maor",
        "hebrew": ""
    },
    {
        "french": "Matan",
        "hebrew": ""
    },
    {
        "french": "Matthieu",
        "hebrew": ""
    },
    {
        "french": "Mayron",
        "hebrew": ""
    },
    {
        "french": "Meir",
        "hebrew": ""
    },
    {
        "french": "Menachem",
        "hebrew": ""
    },
    {
        "french": "Micah",
        "hebrew": ""
    },
    {
        "french": "Michael",
        "hebrew": ""
    },
    {
        "french": "Misael",
        "hebrew": ""
    },
    {
        "french": "Mordechai",
        "hebrew": ""
    },
    {
        "french": "Moshe",
        "hebrew": ""
    },
    {
        "french": "Nachman",
        "hebrew": ""
    },
    {
        "french": "Nadav",
        "hebrew": ""
    },
    {
        "french": "Natan",
        "hebrew": "Nathan"
    },
    {
        "french": "Nathan",
        "hebrew": ""
    },
    {
        "french": "Nathanaël",
        "hebrew": ""
    },
    {
        "french": "Nathaniel",
        "hebrew": ""
    },
    {
        "french": "Néhémie",
        "hebrew": ""
    },
    {
        "french": "Nehorai",
        "hebrew": ""
    },
    {
        "french": "Neria",
        "hebrew": ""
    },
    {
        "french": "Netanel",
        "hebrew": ""
    },
    {
        "french": "Netsah",
        "hebrew": ""
    },
    {
        "french": "Neveh",
        "hebrew": ""
    },
    {
        "french": "Nevo",
        "hebrew": ""
    },
    {
        "french": "Nitai",
        "hebrew": ""
    },
    {
        "french": "Noa",
        "hebrew": ""
    },
    {
        "french": "Noé",
        "hebrew": ""
    },
    {
        "french": "Noâm",
        "hebrew": ""
    },
    {
        "french": "Noham",
        "hebrew": ""
    },
    {
        "french": "Ofek",
        "hebrew": ""
    },
    {
        "french": "Omer",
        "hebrew": ""
    },
    {
        "french": "Omri",
        "hebrew": ""
    },
    {
        "french": "Ophir",
        "hebrew": ""
    },
    {
        "french": "Ou",
        "hebrew": ""
    },
    {
        "french": "Osher",
        "hebrew": ""
    },
    {
        "french": "Ovadia",
        "hebrew": "Obadiah"
    },
    {
        "french": "Raz",
        "hebrew": ""
    },
    {
        "french": "Rafaël",
        "hebrew": ""
    },
    {
        "french": "Raphaël",
        "hebrew": ""
    },
    {
        "french": "Raphaël",
        "hebrew": ""
    },
    {
        "french": "Reuben",
        "hebrew": ""
    },
    {
        "french": "Roi",
        "hebrew": ""
    },
    {
        "french": "Rom",
        "hebrew": ""
    },
    {
        "french": "Ron",
        "hebrew": ""
    },
    {
        "french": "Ruben",
        "hebrew": ""
    },
    {
        "french": "Sam",
        "hebrew": ""
    },
    {
        "french": "Samson",
        "hebrew": ""
    },
    {
        "french": "Samuel",
        "hebrew": ""
    },
    {
        "french": "Saul",
        "hebrew": ""
    },
    {
        "french": "Seth",
        "hebrew": ""
    },
    {
        "french": "Shachar",
        "hebrew": ""
    },
    {
        "french": "Shai",
        "hebrew": ""
    },
    {
        "french": "Shalom",
        "hebrew": ""
    },
    {
        "french": "Shilo",
        "hebrew": ""
    },
    {
        "french": "Shiloh",
        "hebrew": ""
    },
    {
        "french": "Shimon",
        "hebrew": "Simon"
    },
    {
        "french": "Shlomo",
        "hebrew": "Solomon"
    },
    {
        "french": "Shmuel",
        "hebrew": "Samuel"
    },
    {
        "french": "Siméon",
        "hebrew": ""
    },
    {
        "french": "Simon",
        "hebrew": ""
    },
    {
        "french": "Salomon",
        "hebrew": ""
    },
    {
        "french": "Tal",
        "hebrew": ""
    },
    {
        "french": "Tobias",
        "hebrew": ""
    },
    {
        "french": "Tomer",
        "hebrew": ""
    },
    {
        "french": "Uriah",
        "hebrew": ""
    },
    {
        "french": "Uriel",
        "hebrew": ""
    },
    {
        "french": "Yaakov",
        "hebrew": "Jacob"
    },
    {
        "french": "Yael",
        "hebrew": ""
    },
    {
        "french": "Yahav",
        "hebrew": ""
    },
    {
        "french": "Yaheli",
        "hebrew": ""
    },
    {
        "french": "Yahir",
        "hebrew": ""
    },
    {
        "french": "Yair",
        "hebrew": ""
    },
    {
        "french": "Yanai",
        "hebrew": ""
    },
    {
        "french": "Yarin",
        "hebrew": ""
    },
    {
        "french": "Yedidya",
        "hebrew": ""
    },
    {
        "french": "Yehonatan",
        "hebrew": ""
    },
    {
        "french": "Yehuda",
        "hebrew": "Judah"
    },
    {
        "french": "Yinon",
        "hebrew": ""
    },
    {
        "french": "Yishai",
        "hebrew": ""
    },
    {
        "french": "Yisrael",
        "hebrew": "Israël"
    },
    {
        "french": "Yitzchak",
        "hebrew": "Isaac"
    },
    {
        "french": "Yoav",
        "hebrew": ""
    },
    {
        "french": "Yoel",
        "hebrew": ""
    },
    {
        "french": "Yonatan",
        "hebrew": "Jonathan"
    },
    {
        "french": "Yosef",
        "hebrew": ""
    },
    {
        "french": "Yotam",
        "hebrew": ""
    },
    {
        "french": "Yuval",
        "hebrew": ""
    },
    {
        "french": "Zacharie",
        "hebrew": ""
    },
    {
        "french": "Zachary",
        "hebrew": ""
    },
    {
        "french": "Zakaria",
        "hebrew": ""
    },
    {
        "french": "Zacharie",
        "hebrew": ""
    },
    {
        "french": "Sion",
        "hebrew": ""
    },
    {
        "french": "Ziv",
        "hebrew": ""
    },
    {
        "french": "Zvi",
        "hebrew": ""
    },
    {
        "french": "Abigail",
        "hebrew": ""
    },
    {
        "french": "Abilene",
        "hebrew": ""
    },
    {
        "french": "Adah",
        "hebrew": ""
    },
    {
        "french": "Adèle",
        "hebrew": ""
    },
    {
        "french": "Adi",
        "hebrew": ""
    },
    {
        "french": "Adiela",
        "hebrew": ""
    },
    {
        "french": "Adina",
        "hebrew": ""
    },
    {
        "french": "Adira",
        "hebrew": ""
    },
    {
        "french": "Adiva",
        "hebrew": ""
    },
    {
        "french": "Adriel",
        "hebrew": ""
    },
    {
        "french": "Adva",
        "hebrew": ""
    },
    {
        "french": "Agam",
        "hebrew": ""
    },
    {
        "french": "Aiya",
        "hebrew": ""
    },
    {
        "french": "Aleen",
        "hebrew": ""
    },
    {
        "french": "Alina",
        "hebrew": ""
    },
    {
        "french": "Aliya",
        "hebrew": ""
    },
    {
        "french": "Aliza",
        "hebrew": ""
    },
    {
        "french": "Alma",
        "hebrew": ""
    },
    {
        "french": "Alona",
        "hebrew": ""
    },
    {
        "french": "Amit",
        "hebrew": ""
    },
    {
        "french": "Ana",
        "hebrew": ""
    },
    {
        "french": "Anael",
        "hebrew": ""
    },
    {
        "french": "Anat",
        "hebrew": ""
    },
    {
        "french": "Anita",
        "hebrew": ""
    },
    {
        "french": "Anna",
        "hebrew": ""
    },
    {
        "french": "Anya",
        "hebrew": ""
    },
    {
        "french": "Aoife",
        "hebrew": ""
    },
    {
        "french": "Arbel",
        "hebrew": ""
    },
    {
        "french": "Ariel",
        "hebrew": ""
    },
    {
        "french": "Ariel ou Ariella",
        "hebrew": ""
    },
    {
        "french": "Ariela",
        "hebrew": ""
    },
    {
        "french": "Arnona",
        "hebrew": ""
    },
    {
        "french": "Avala",
        "hebrew": ""
    },
    {
        "french": "Avia",
        "hebrew": ""
    },
    {
        "french": "Avishag",
        "hebrew": ""
    },
    {
        "french": "Avital",
        "hebrew": ""
    },
    {
        "french": "Aviv",
        "hebrew": ""
    },
    {
        "french": "Aviva",
        "hebrew": ""
    },
    {
        "french": "Ayala",
        "hebrew": ""
    },
    {
        "french": "Ayelet",
        "hebrew": ""
    },
    {
        "french": "Aziza",
        "hebrew": ""
    },
    {
        "french": "Barre",
        "hebrew": ""
    },
    {
        "french": "Bari",
        "hebrew": ""
    },
    {
        "french": "Chauve-souris",
        "hebrew": ""
    },
    {
        "french": "Batsheva",
        "hebrew": ""
    },
    {
        "french": "Batya",
        "hebrew": ""
    },
    {
        "french": "Behira",
        "hebrew": ""
    },
    {
        "french": "Belia",
        "hebrew": ""
    },
    {
        "french": "Cloche",
        "hebrew": ""
    },
    {
        "french": "Bella",
        "hebrew": ""
    },
    {
        "french": "Belle",
        "hebrew": ""
    },
    {
        "french": "Bina",
        "hebrew": ""
    },
    {
        "french": "Bracha",
        "hebrew": ""
    },
    {
        "french": "Carmel",
        "hebrew": ""
    },
    {
        "french": "Chana",
        "hebrew": "Hanna"
    },
    {
        "french": "Chava",
        "hebrew": ""
    },
    {
        "french": "Chaya",
        "hebrew": ""
    },
    {
        "french": "Chen",
        "hebrew": ""
    },
    {
        "french": "Coris",
        "hebrew": ""
    },
    {
        "french": "Corys",
        "hebrew": ""
    },
    {
        "french": "Dafna",
        "hebrew": ""
    },
    {
        "french": "Daphné",
        "hebrew": ""
    },
    {
        "french": "Dalia",
        "hebrew": ""
    },
    {
        "french": "Dalit",
        "hebrew": ""
    },
    {
        "french": "Dana",
        "hebrew": ""
    },
    {
        "french": "Danit",
        "hebrew": ""
    },
    {
        "french": "Daniel",
        "hebrew": ""
    },
    {
        "french": "Daniela",
        "hebrew": ""
    },
    {
        "french": "Daniella",
        "hebrew": ""
    },
    {
        "french": "Danita",
        "hebrew": ""
    },
    {
        "french": "Danya",
        "hebrew": ""
    },
    {
        "french": "Delilah",
        "hebrew": ""
    },
    {
        "french": "Dena",
        "hebrew": ""
    },
    {
        "french": "Derora",
        "hebrew": ""
    },
    {
        "french": "Devi",
        "hebrew": ""
    },
    {
        "french": "Devira",
        "hebrew": ""
    },
    {
        "french": "Dikla",
        "hebrew": ""
    },
    {
        "french": "Dor",
        "hebrew": ""
    },
    {
        "french": "Dorit",
        "hebrew": ""
    },
    {
        "french": "Dror",
        "hebrew": ""
    },
    {
        "french": "Eden",
        "hebrew": ""
    },
    {
        "french": "Edna",
        "hebrew": ""
    },
    {
        "french": "Edya",
        "hebrew": ""
    },
    {
        "french": "Efrat",
        "hebrew": ""
    },
    {
        "french": "Eila",
        "hebrew": ""
    },
    {
        "french": "Einat",
        "hebrew": ""
    },
    {
        "french": "Elah",
        "hebrew": ""
    },
    {
        "french": "Eli",
        "hebrew": ""
    },
    {
        "french": "Eliraz",
        "hebrew": ""
    },
    {
        "french": "Elisheva",
        "hebrew": "Elizabeth"
    },
    {
        "french": "Ella",
        "hebrew": ""
    },
    {
        "french": "Emanuel",
        "hebrew": ""
    },
    {
        "french": "Emily",
        "hebrew": ""
    },
    {
        "french": "Emma",
        "hebrew": ""
    },
    {
        "french": "Emuna",
        "hebrew": ""
    },
    {
        "french": "Esther",
        "hebrew": ""
    },
    {
        "french": "Esti",
        "hebrew": ""
    },
    {
        "french": "Faria",
        "hebrew": ""
    },
    {
        "french": "Fiona",
        "hebrew": ""
    },
    {
        "french": "Gaia",
        "hebrew": ""
    },
    {
        "french": "Gal",
        "hebrew": ""
    },
    {
        "french": "Gali",
        "hebrew": ""
    },
    {
        "french": "Galit",
        "hebrew": ""
    },
    {
        "french": "Ganit",
        "hebrew": ""
    },
    {
        "french": "Gayora",
        "hebrew": ""
    },
    {
        "french": "Gefen",
        "hebrew": ""
    },
    {
        "french": "Geula",
        "hebrew": ""
    },
    {
        "french": "Gil",
        "hebrew": ""
    },
    {
        "french": "Gila",
        "hebrew": ""
    },
    {
        "french": "Gilada",
        "hebrew": ""
    },
    {
        "french": "Gili",
        "hebrew": ""
    },
    {
        "french": "Gili",
        "hebrew": ""
    },
    {
        "french": "Ginat",
        "hebrew": ""
    },
    {
        "french": "Giva",
        "hebrew": ""
    },
    {
        "french": "Hadar",
        "hebrew": ""
    },
    {
        "french": "Hadas",
        "hebrew": ""
    },
    {
        "french": "Hadassa",
        "hebrew": ""
    },
    {
        "french": "Haïfa",
        "hebrew": ""
    },
    {
        "french": "Haleli",
        "hebrew": ""
    },
    {
        "french": "Hali",
        "hebrew": ""
    },
    {
        "french": "Hallel",
        "hebrew": ""
    },
    {
        "french": "Hanit",
        "hebrew": ""
    },
    {
        "french": "Hannah",
        "hebrew": ""
    },
    {
        "french": "Harel",
        "hebrew": ""
    },
    {
        "french": "Hawa",
        "hebrew": ""
    },
    {
        "french": "Hiba",
        "hebrew": ""
    },
    {
        "french": "Hila",
        "hebrew": ""
    },
    {
        "french": "Hili",
        "hebrew": ""
    },
    {
        "french": "Hita",
        "hebrew": ""
    },
    {
        "french": "Hodaya",
        "hebrew": ""
    },
    {
        "french": "Idit",
        "hebrew": ""
    },
    {
        "french": "Ifat",
        "hebrew": "Yifat"
    },
    {
        "french": "Ilana",
        "hebrew": ""
    },
    {
        "french": "Ilani",
        "hebrew": ""
    },
    {
        "french": "Ilona",
        "hebrew": ""
    },
    {
        "french": "Inbar",
        "hebrew": ""
    },
    {
        "french": "Irit",
        "hebrew": ""
    },
    {
        "french": "Jaffa",
        "hebrew": ""
    },
    {
        "french": "Jaffe",
        "hebrew": ""
    },
    {
        "french": "Jafit",
        "hebrew": ""
    },
    {
        "french": "Jami",
        "hebrew": ""
    },
    {
        "french": "Jincy",
        "hebrew": ""
    },
    {
        "french": "Kala",
        "hebrew": ""
    },
    {
        "french": "Kalanit",
        "hebrew": ""
    },
    {
        "french": "Kaspit",
        "hebrew": ""
    },
    {
        "french": "Kefira",
        "hebrew": ""
    },
    {
        "french": "Kerem",
        "hebrew": ""
    },
    {
        "french": "Keren",
        "hebrew": ""
    },
    {
        "french": "Keshet",
        "hebrew": ""
    },
    {
        "french": "Kineret",
        "hebrew": ""
    },
    {
        "french": "Kiva",
        "hebrew": ""
    },
    {
        "french": "Kochava",
        "hebrew": ""
    },
    {
        "french": "Kyla",
        "hebrew": ""
    },
    {
        "french": "Laila ou Leila",
        "hebrew": ""
    },
    {
        "french": "Leah",
        "hebrew": ""
    },
    {
        "french": "Lenny",
        "hebrew": ""
    },
    {
        "french": "Leor",
        "hebrew": ""
    },
    {
        "french": "Levana",
        "hebrew": ""
    },
    {
        "french": "Lia",
        "hebrew": ""
    },
    {
        "french": "Liat",
        "hebrew": ""
    },
    {
        "french": "Liba",
        "hebrew": ""
    },
    {
        "french": "Libi",
        "hebrew": ""
    },
    {
        "french": "Liel",
        "hebrew": ""
    },
    {
        "french": "Limor",
        "hebrew": ""
    },
    {
        "french": "Linoy",
        "hebrew": ""
    },
    {
        "french": "Lior",
        "hebrew": ""
    },
    {
        "french": "Liora",
        "hebrew": ""
    },
    {
        "french": "Liraz",
        "hebrew": ""
    },
    {
        "french": "Liron",
        "hebrew": ""
    },
    {
        "french": "Lital",
        "hebrew": ""
    },
    {
        "french": "Liv",
        "hebrew": ""
    },
    {
        "french": "Liya",
        "hebrew": ""
    },
    {
        "french": "Lola",
        "hebrew": ""
    },
    {
        "french": "Maayan",
        "hebrew": ""
    },
    {
        "french": "Malka",
        "hebrew": ""
    },
    {
        "french": "Margalit",
        "hebrew": ""
    },
    {
        "french": "Marnie",
        "hebrew": ""
    },
    {
        "french": "Matana",
        "hebrew": ""
    },
    {
        "french": "Mai",
        "hebrew": ""
    },
    {
        "french": "Maya",
        "hebrew": ""
    },
    {
        "french": "Mayim",
        "hebrew": ""
    },
    {
        "french": "Maytal",
        "hebrew": ""
    },
    {
        "french": "Meira",
        "hebrew": ""
    },
    {
        "french": "Meirav",
        "hebrew": ""
    },
    {
        "french": "Meital",
        "hebrew": ""
    },
    {
        "french": "Michaela",
        "hebrew": ""
    },
    {
        "french": "Michal",
        "hebrew": ""
    },
    {
        "french": "Miel",
        "hebrew": ""
    },
    {
        "french": "Mika",
        "hebrew": ""
    },
    {
        "french": "Mily",
        "hebrew": ""
    },
    {
        "french": "Miri",
        "hebrew": ""
    },
    {
        "french": "Miriam",
        "hebrew": ""
    },
    {
        "french": "Moriah",
        "hebrew": ""
    },
    {
        "french": "Naama",
        "hebrew": ""
    },
    {
        "french": "Naava",
        "hebrew": ""
    },
    {
        "french": "Nom",
        "hebrew": ""
    },
    {
        "french": "Naomi",
        "hebrew": ""
    },
    {
        "french": "Natania",
        "hebrew": ""
    },
    {
        "french": "Nechama",
        "hebrew": ""
    },
    {
        "french": "Nelly",
        "hebrew": ""
    },
    {
        "french": "Nessa",
        "hebrew": ""
    },
    {
        "french": "Neta",
        "hebrew": ""
    },
    {
        "french": "Nina",
        "hebrew": ""
    },
    {
        "french": "Nitzana",
        "hebrew": ""
    },
    {
        "french": "Niv",
        "hebrew": ""
    },
    {
        "french": "Noa",
        "hebrew": ""
    },
    {
        "french": "Noé",
        "hebrew": ""
    },
    {
        "french": "Noam",
        "hebrew": ""
    },
    {
        "french": "Noemi",
        "hebrew": ""
    },
    {
        "french": "Noga",
        "hebrew": ""
    },
    {
        "french": "Nomi",
        "hebrew": ""
    },
    {
        "french": "Noya",
        "hebrew": ""
    },
    {
        "french": "Nurit",
        "hebrew": ""
    },
    {
        "french": "Nirit",
        "hebrew": ""
    },
    {
        "french": "Odele",
        "hebrew": ""
    },
    {
        "french": "Ofra",
        "hebrew": ""
    },
    {
        "french": "Ofrah",
        "hebrew": ""
    },
    {
        "french": "Ofri",
        "hebrew": ""
    },
    {
        "french": "Omer",
        "hebrew": ""
    },
    {
        "french": "Ophir",
        "hebrew": ""
    },
    {
        "french": "Ou",
        "hebrew": ""
    },
    {
        "french": "Ora",
        "hebrew": ""
    },
    {
        "french": "Orel",
        "hebrew": ""
    },
    {
        "french": "Ori",
        "hebrew": ""
    },
    {
        "french": "Orin",
        "hebrew": ""
    },
    {
        "french": "Orina",
        "hebrew": ""
    },
    {
        "french": "Orit",
        "hebrew": ""
    },
    {
        "french": "Orna",
        "hebrew": ""
    },
    {
        "french": "Ortal",
        "hebrew": ""
    },
    {
        "french": "Pazit",
        "hebrew": ""
    },
    {
        "french": "Penina",
        "hebrew": ""
    },
    {
        "french": "Peri",
        "hebrew": ""
    },
    {
        "french": "Puah",
        "hebrew": ""
    },
    {
        "french": "Rachel",
        "hebrew": ""
    },
    {
        "french": "Ramya",
        "hebrew": ""
    },
    {
        "french": "Rani",
        "hebrew": ""
    },
    {
        "french": "Ranit",
        "hebrew": ""
    },
    {
        "french": "Récif",
        "hebrew": ""
    },
    {
        "french": "Renana",
        "hebrew": ""
    },
    {
        "french": "Reut",
        "hebrew": ""
    },
    {
        "french": "Revital",
        "hebrew": ""
    },
    {
        "french": "Reviv",
        "hebrew": ""
    },
    {
        "french": "Rimon",
        "hebrew": ""
    },
    {
        "french": "Rina",
        "hebrew": ""
    },
    {
        "french": "Risha",
        "hebrew": ""
    },
    {
        "french": "Riva",
        "hebrew": ""
    },
    {
        "french": "Rivka",
        "hebrew": "Rebecca"
    },
    {
        "french": "Rome",
        "hebrew": ""
    },
    {
        "french": "Romi",
        "hebrew": ""
    },
    {
        "french": "Roni",
        "hebrew": ""
    },
    {
        "french": "Ronit",
        "hebrew": ""
    },
    {
        "french": "Rotem",
        "hebrew": ""
    },
    {
        "french": "Rotem",
        "hebrew": ""
    },
    {
        "french": "Rut",
        "hebrew": ""
    },
    {
        "french": "Ruta",
        "hebrew": ""
    },
    {
        "french": "Rute",
        "hebrew": ""
    },
    {
        "french": "Ruth",
        "hebrew": ""
    },
    {
        "french": "Salma",
        "hebrew": ""
    },
    {
        "french": "Sami",
        "hebrew": ""
    },
    {
        "french": "Sapir",
        "hebrew": ""
    },
    {
        "french": "Sara",
        "hebrew": ""
    },
    {
        "french": "Sarit",
        "hebrew": ""
    },
    {
        "french": "Sarah",
        "hebrew": ""
    },
    {
        "french": "Sary",
        "hebrew": ""
    },
    {
        "french": "Shachar",
        "hebrew": ""
    },
    {
        "french": "Shai",
        "hebrew": ""
    },
    {
        "french": "Shaily",
        "hebrew": ""
    },
    {
        "french": "Shaked",
        "hebrew": ""
    },
    {
        "french": "Shalva",
        "hebrew": ""
    },
    {
        "french": "Shamira",
        "hebrew": ""
    },
    {
        "french": "Shana",
        "hebrew": ""
    },
    {
        "french": "Shani",
        "hebrew": ""
    },
    {
        "french": "Shayna",
        "hebrew": ""
    },
    {
        "french": "Shif",
        "hebrew": ""
    },
    {
        "french": "Shilat",
        "hebrew": ""
    },
    {
        "french": "Shir",
        "hebrew": ""
    },
    {
        "french": "Shir",
        "hebrew": ""
    },
    {
        "french": "Shira",
        "hebrew": ""
    },
    {
        "french": "Shirel",
        "hebrew": ""
    },
    {
        "french": "Shlomit",
        "hebrew": ""
    },
    {
        "french": "Shoham",
        "hebrew": ""
    },
    {
        "french": "Shosh",
        "hebrew": ""
    },
    {
        "french": "Shoshana",
        "hebrew": ""
    },
    {
        "french": "Sivan",
        "hebrew": ""
    },
    {
        "french": "Tahal",
        "hebrew": ""
    },
    {
        "french": "Tal",
        "hebrew": ""
    },
    {
        "french": "Talia",
        "hebrew": ""
    },
    {
        "french": "Talma",
        "hebrew": ""
    },
    {
        "french": "Tamar",
        "hebrew": ""
    },
    {
        "french": "Tehila",
        "hebrew": ""
    },
    {
        "french": "Temima",
        "hebrew": ""
    },
    {
        "french": "Teshura",
        "hebrew": ""
    },
    {
        "french": "Tikva",
        "hebrew": ""
    },
    {
        "french": "Tirza",
        "hebrew": ""
    },
    {
        "french": "Tiva",
        "hebrew": ""
    },
    {
        "french": "Tohar",
        "hebrew": ""
    },
    {
        "french": "Tova",
        "hebrew": ""
    },
    {
        "french": "Tsipi",
        "hebrew": ""
    },
    {
        "french": "Tziporah",
        "hebrew": ""
    },
    {
        "french": "Vered",
        "hebrew": ""
    },
    {
        "french": "Warda",
        "hebrew": ""
    },
    {
        "french": "Yaara",
        "hebrew": ""
    },
    {
        "french": "Yael",
        "hebrew": ""
    },
    {
        "french": "Yaffa",
        "hebrew": ""
    },
    {
        "french": "Yafit",
        "hebrew": ""
    },
    {
        "french": "Yaheli",
        "hebrew": ""
    },
    {
        "french": "Yam",
        "hebrew": ""
    },
    {
        "french": "Yarden",
        "hebrew": "Jordanie"
    },
    {
        "french": "Yardena",
        "hebrew": ""
    },
    {
        "french": "Yarona",
        "hebrew": ""
    },
    {
        "french": "Yedida",
        "hebrew": ""
    },
    {
        "french": "Yehudit",
        "hebrew": "Judith"
    },
    {
        "french": "Yeira",
        "hebrew": ""
    },
    {
        "french": "Yocheved",
        "hebrew": ""
    },
    {
        "french": "Yuval",
        "hebrew": ""
    },
    {
        "french": "Zahava",
        "hebrew": ""
    },
    {
        "french": "Zara",
        "hebrew": ""
    },
    {
        "french": "Zari",
        "hebrew": ""
    },
    {
        "french": "Zena",
        "hebrew": ""
    },
    {
        "french": "Zohar",
        "hebrew": ""
    }
]