[
    {
        "french_name": "ABIGAYIL",
        "hebrew_name": "אביגיל",
        "letter_pair": "אל",
        "occurrences": 86
    },
    {
        "french_name": "ALIYA",
        "hebrew_name": "עליה",
        "letter_pair": "עה",
        "occurrences": 178
    },
    {
        "french_name": "ALITZA",
        "hebrew_name": "עליצה",
        "letter_pair": "עה",
        "occurrences": 178
    },
    {
        "french_name": "ALMA",
        "hebrew_name": "עלמה",
        "letter_pair": "עה",
        "occurrences": 178
    },
    {
        "french_name": "AMALYA",
        "hebrew_name": "עמליה",
        "letter_pair": "עה",
        "occurrences": 178
    },
    {
        "french_name": "AMINA",
        "hebrew_name": "אמינה",
        "letter_pair": "אה",
        "occurrences": 438
    },
    {
        "french_name": "AMINTA",
        "hebrew_name": "אמינתה",
        "letter_pair": "אה",
        "occurrences": 438
    },
    {
        "french_name": "AMIRA",
        "hebrew_name": "אמירה",
        "letter_pair": "אה",
        "occurrences": 438
    },
    {
        "french_name": "AMITA",
        "hebrew_name": "אמתה",
        "letter_pair": "אה",
        "occurrences": 438
    },
    {
        "french_name": "ASHERAH",
        "hebrew_name": "אשרה",
        "letter_pair": "אה",
        "occurrences": 438
    },
    {
        "french_name": "ASHTORETH",
        "hebrew_name": "עשתרת",
        "letter_pair": "עת",
        "occurrences": 26
    },
    {
        "french_name": "ATARAH",
        "hebrew_name": "עטרה",
        "letter_pair": "עה",
        "occurrences": 178
    }
]